polymorphisms,YRI_vs_africa,LWK_vs_africa,GWD_vs_africa,MSL_vs_africa,ESN_vs_africa,ASW_vs_africa,ACB_vs_africa
CYP2D6*2,"1.02 (0.89, 1.16)","1.21 (1.07, 1.35)","0.95 (0.83, 1.09)","1.12 (0.99, 1.28)","1.03 (0.90, 1.17)","0.74 (0.59, 0.91)","0.88 (0.76, 1.02)"
CYP2D6*3,"0.00 (0.00, NaN)","0.00 (0.00, NaN)","0.00 (0.00, NaN)","0.00 (0.00, NaN)","0.00 (0.00, NaN)","19.67 (1.80, 215.38)","2.94 (0.27, 32.29)"
CYP2D6*4,"0.90 (0.50, 1.64)","0.38 (0.16, 0.92)","0.61 (0.31, 1.21)","0.65 (0.30, 1.39)","1.31 (0.76, 2.25)","2.27 (1.34, 3.85)","1.47 (0.87, 2.49)"
CYP2D6*6,"0.00 (0.00, NaN)","0.00 (0.00, NaN)","0.00 (0.00, NaN)","0.00 (0.00, NaN)","0.00 (0.00, NaN)","Inf (NaN, Inf)","0.00 (0.00, NaN)"
CYP2D6*9,"0.00 (0.00, NaN)","0.00 (0.00, NaN)","0.00 (0.00, NaN)","0.00 (0.00, NaN)","0.00 (0.00, NaN)","Inf (NaN, Inf)","0.00 (0.00, NaN)"
CYP2D6*10,"0.96 (0.63, 1.46)","0.29 (0.14, 0.60)","1.05 (0.70, 1.57)","1.54 (1.05, 2.26)","0.80 (0.50, 1.28)","1.47 (0.94, 2.30)","1.28 (0.86, 1.89)"
CYP2D6*14,"NaN (NaN, NaN)","NaN (NaN, NaN)","NaN (NaN, NaN)","NaN (NaN, NaN)","NaN (NaN, NaN)","NaN (NaN, NaN)","NaN (NaN, NaN)"
CYP2D6*17,"1.21 (0.94, 1.57)","0.87 (0.64, 1.18)","0.72 (0.52, 0.98)","1.33 (1.02, 1.73)","1.26 (0.97, 1.63)","0.66 (0.42, 1.02)","0.95 (0.71, 1.28)"
CYP2D6*41,"0.47 (0.11, 1.97)","1.89 (0.76, 4.71)","0.21 (0.03, 1.55)","0.29 (0.04, 2.17)","0.81 (0.24, 2.69)","0.89 (0.21, 3.76)","3.53 (1.57, 7.95)"
CYP2C19*2,"0.98 (0.70, 1.35)","1.30 (0.97, 1.76)","0.75 (0.52, 1.07)","1.04 (0.74, 1.48)","1.26 (0.93, 1.71)","0.80 (0.51, 1.27)","0.87 (0.61, 1.25)"
CYP2C19*3,"0.00 (0.00, NaN)","11.35 (1.03, 124.61)","0.00 (0.00, NaN)","0.00 (0.00, NaN)","0.00 (0.00, NaN)","0.00 (0.00, NaN)","2.94 (0.27, 32.29)"
CYP2C19*4,"NaN (NaN, NaN)","NaN (NaN, NaN)","NaN (NaN, NaN)","NaN (NaN, NaN)","NaN (NaN, NaN)","NaN (NaN, NaN)","NaN (NaN, NaN)"
CYP2C19*17,"1.05 (0.81, 1.36)","0.72 (0.52, 0.99)","1.02 (0.79, 1.32)","1.12 (0.85, 1.47)","1.06 (0.81, 1.38)","0.82 (0.57, 1.19)","1.18 (0.92, 1.53)"
CYP2C9*2,"0.00 (0.00, NaN)","0.00 (0.00, NaN)","0.48 (0.06, 3.77)","0.00 (0.00, NaN)","0.00 (0.00, NaN)","8.20 (2.54, 26.47)","4.90 (1.51, 15.91)"
CYP2C9*3,"0.00 (0.00, NaN)","0.00 (0.00, NaN)","0.00 (0.00, NaN)","0.00 (0.00, NaN)","0.00 (0.00, NaN)","19.67 (1.80, 215.38)","2.94 (0.27, 32.29)"
CYP2C9*5,"1.92 (0.76, 4.85)","0.57 (0.13, 2.41)","0.48 (0.11, 2.06)","0.32 (0.04, 2.38)","1.67 (0.62, 4.47)","1.55 (0.47, 5.17)","0.93 (0.28, 3.11)"
CYP2C9*6,"2.93 (0.86, 9.91)","0.00 (0.00, NaN)","1.08 (0.23, 4.95)","0.00 (0.00, NaN)","3.24 (0.96, 10.98)","0.00 (0.00, NaN)","0.59 (0.08, 4.57)"
CYP2C9*8,"0.95 (0.51, 1.79)","1.42 (0.81, 2.50)","0.29 (0.11, 0.80)","0.64 (0.28, 1.44)","1.55 (0.89, 2.68)","0.60 (0.22, 1.61)","1.74 (1.02, 2.98)"
CYP2C9*11,"2.68 (1.31, 5.48)","0.59 (0.18, 1.91)","0.00 (0.00, NaN)","0.00 (0.00, NaN)","0.38 (0.09, 1.57)","0.32 (0.04, 2.30)","0.61 (0.19, 1.98)"
CYP2C9*13,"NaN (NaN, NaN)","NaN (NaN, NaN)","NaN (NaN, NaN)","NaN (NaN, NaN)","NaN (NaN, NaN)","NaN (NaN, NaN)","NaN (NaN, NaN)"
CYP2C9*14,"NaN (NaN, NaN)","NaN (NaN, NaN)","NaN (NaN, NaN)","NaN (NaN, NaN)","NaN (NaN, NaN)","NaN (NaN, NaN)","NaN (NaN, NaN)"
CYP2C9*16,"NaN (NaN, NaN)","NaN (NaN, NaN)","NaN (NaN, NaN)","NaN (NaN, NaN)","NaN (NaN, NaN)","NaN (NaN, NaN)","NaN (NaN, NaN)"
CYP2C9*29,"NaN (NaN, NaN)","NaN (NaN, NaN)","NaN (NaN, NaN)","NaN (NaN, NaN)","NaN (NaN, NaN)","NaN (NaN, NaN)","NaN (NaN, NaN)"
CYP2C9*31,"0.00 (0.00, NaN)","Inf (NaN, Inf)","0.00 (0.00, NaN)","0.00 (0.00, NaN)","0.00 (0.00, NaN)","0.00 (0.00, NaN)","0.00 (0.00, NaN)"
CYP2C9*33,"NaN (NaN, NaN)","NaN (NaN, NaN)","NaN (NaN, NaN)","NaN (NaN, NaN)","NaN (NaN, NaN)","NaN (NaN, NaN)","NaN (NaN, NaN)"
CYP2C9*45,"NaN (NaN, NaN)","NaN (NaN, NaN)","NaN (NaN, NaN)","NaN (NaN, NaN)","NaN (NaN, NaN)","NaN (NaN, NaN)","NaN (NaN, NaN)"
CYP3A4*22,"0.00 (0.00, NaN)","0.00 (0.00, NaN)","0.00 (0.00, NaN)","0.00 (0.00, NaN)","0.00 (0.00, NaN)","0.00 (0.00, NaN)","Inf (NaN, Inf)"
rs3812718-T,"0.93 (0.75, 1.15)","1.07 (0.87, 1.31)","1.08 (0.89, 1.31)","1.09 (0.88, 1.35)","0.94 (0.76, 1.17)","1.02 (0.78, 1.31)","0.89 (0.71, 1.12)"
HLA-B*15:02(i),"0.66 (0.31, 1.44)","2.98 (1.80, 4.94)","0.00 (0.00, NaN)","0.48 (0.17, 1.29)","1.25 (0.66, 2.36)","1.28 (0.59, 2.74)","1.29 (0.69, 2.44)"
HLA-B*15:02(ii_CHB),"1.28 (0.53, 3.09)","0.87 (0.31, 2.48)","0.75 (0.26, 2.12)","1.36 (0.53, 3.49)","0.41 (0.10, 1.69)","0.34 (0.05, 2.47)","2.14 (0.97, 4.74)"
HLA-B*40:01(ii_CEU),"0.64 (0.08, 5.09)","-14.19 (NaN, NaN)","0.61 (0.08, 4.82)","0.85 (0.11, 6.73)","0.00 (0.00, NaN)","0.00 (0.00, NaN)","11.77 (2.97, 46.67)"
HLA-B*40:01(ii_CHB),"0.75 (0.51, 1.11)","0.79 (0.53, 1.18)","1.80 (1.36, 2.38)","0.86 (0.57, 1.30)","0.54 (0.34, 0.87)","1.12 (0.73, 1.71)","1.28 (0.92, 1.78)"
HLA-B*40:01(ii_JPT),"0.61 (0.34, 1.09)","0.87 (0.52, 1.46)","3.45 (2.44, 4.88)","1.12 (0.68, 1.85)","0.37 (0.18, 0.79)","0.55 (0.25, 1.23)","0.57 (0.30, 1.07)"
HLA-B*40:01(iii_CHS),"0.67 (0.39, 1.15)","1.19 (0.76, 1.86)","0.74 (0.45, 1.23)","0.96 (0.57, 1.61)","0.93 (0.57, 1.51)","1.72 (1.08, 2.74)","1.17 (0.74, 1.84)"
HLA-A*40:01(iii_MAS/INS),"0.00 (0.00, NaN)","0.00 (0.00, NaN)","0.00 (0.00, NaN)","0.00 (0.00, NaN)","0.00 (0.00, NaN)","6.56 (1.11, 38.86)","8.83 (1.48, 52.49)"
HLA-A*31:01(ii_CEU),"0.90 (0.56, 1.46)","0.35 (0.17, 0.74)","1.92 (1.32, 2.78)","1.27 (0.80, 2.03)","0.63 (0.35, 1.12)","0.80 (0.41, 1.53)","1.25 (0.80, 1.95)"
HLA-A*31:01(ii_CHB),"1.37 (0.79, 2.38)","0.34 (0.12, 0.92)","1.65 (0.98, 2.76)","1.24 (0.67, 2.31)","0.93 (0.49, 1.79)","0.43 (0.14, 1.36)","0.96 (0.50, 1.85)"
HLA-A*31:01(ii_JPT),"0.93 (0.56, 1.52)","0.38 (0.18, 0.81)","2.14 (1.47, 3.12)","1.40 (0.88, 2.23)","0.62 (0.34, 1.14)","0.37 (0.14, 0.98)","1.22 (0.76, 1.94)"
HLA-A*31:01(iii_CHS),"0.00 (0.00, NaN)","0.00 (0.00, NaN)","0.00 (0.00, NaN)","0.00 (0.00, NaN)","0.00 (0.00, NaN)","29.51 (3.09, 281.51)","1.96 (0.21, 18.76)"
HLA-A*31:01(iii_INS),"0.00 (0.00, NaN)","0.00 (0.00, NaN)","0.00 (0.00, NaN)","0.00 (0.00, NaN)","0.95 (0.11, 7.82)","13.11 (2.97, 57.92)","2.35 (0.46, 12.05)"
HLA-B*15:11(ii_CHB),"1.27 (0.94, 1.73)","0.80 (0.54, 1.17)","1.13 (0.83, 1.55)","1.21 (0.86, 1.70)","0.76 (0.52, 1.13)","0.97 (0.63, 1.50)","0.86 (0.59, 1.26)"
